"UKB_1807_Fathers_age_at_death"	"UKB_3526_Mothers_age_at_death"	"UKB_20022_Birth_weight"	"UKB_21001_Body_mass_index_BMI"	"UKB_23099_Body_fat_percentage"	"UKB_50_Standing_height"	"EGG_BW3_EUR"	"GIANT_HEIGHT"	"Astle_et_al_2016_Eosinophil_counts"	"Astle_et_al_2016_Granulocyte_count"	"Astle_et_al_2016_High_light_scatter_reticulocyte_count"	"Astle_et_al_2016_Lymphocyte_counts"	"Astle_et_al_2016_Monocyte_count"	"Astle_et_al_2016_Myeloid_white_cell_count"	"Astle_et_al_2016_Neutrophil_count"	"Astle_et_al_2016_Platelet_count"	"Astle_et_al_2016_Red_blood_cell_count"	"Astle_et_al_2016_Reticulocyte_count"	"Astle_et_al_2016_Sum_basophil_neutrophil_counts"	"Astle_et_al_2016_Sum_eosinophil_basophil_counts"	"Astle_et_al_2016_Sum_neutrophil_eosinophil_counts"	"Astle_et_al_2016_White_blood_cell_count"	"BCAC_ER_negative_BreastCancer_EUR"	"BCAC_ER_positive_BreastCancer_EUR"	"BCAC_Overall_BreastCancer_EUR"	"UKB_20002_1094_self_reported_deep_venous_thrombosis_dvt"	"UKB_20002_1473_self_reported_high_cholesterol"	"UKB_6150_1_Vascular_or_heart_problems_diagnosed_by_doctor_Heart_attack"	"UKB_6152_5_diagnosed_by_doctor_Blood_clot_in_the_leg_DVT"	"UKB_6152_7_diagnosed_by_doctor_Blood_clot_in_the_lung"	"UKB_20002_1065_self_reported_hypertension"	"CARDIoGRAM_C4D_CAD_ADDITIVE"	"MAGIC_FastingGlucose"	"MAGNETIC_CH2.DB.ratio"	"MAGNETIC_HDL.C"	"MAGNETIC_IDL.TG"	"MAGNETIC_LDL.C"	"UKB_20002_1226_self_reported_hypothyroidism_or_myxoedema"	"UKB_2395_3_Hair_or_balding_pattern_Pattern_3"	"UKB_2395_4_Hair_or_balding_pattern_Pattern_4"	"UKB_20002_1111_self_reported_asthma"	"UKB_20002_1452_self_reported_eczema_or_dermatitis"	"EAGLE_Eczema"	"UKB_20002_1453_self_reported_psoriasis"	"UKB_20002_1463_self_reported_ulcerative_colitis"	"UKB_20002_1464_self_reported_rheumatoid_arthritis"	"UKB_6152_8_diagnosed_by_doctor_Asthma"	"UKB_6152_9_diagnosed_by_doctor_Hayfever_allergic_rhinitis_or_eczema"	"IBD.EUR.Crohns_Disease"	"IBD.EUR.Inflammatory_Bowel_Disease"	"IBD.EUR.Ulcerative_Colitis"	"IMMUNOBASE_Systemic_lupus_erythematosus_hg19"	"RA_OKADA_TRANS_ETHNIC"	"UKB_20002_1261_self_reported_multiple_sclerosis"	"UKB_20002_1265_self_reported_migraine"	"UKB_20127_Neuroticism_score"	"IGAP_Alzheimer"	"SSGAC_Depressive_Symptoms"	"SSGAC_Education_Years_Pooled"	"pgc.scz2"	"UKB_20016_Fluid_intelligence_score"	"PGC_ADHD_EUR_2017"	"UKB_20002_1309_self_reported_osteoporosis"	"UKB_20002_1466_self_reported_gout"	"UKB_1160_Sleep_duration"	"UKB_1180_Morning_or_evening_person_chronotype"	"UKB_1200_Sleeplessness_or_insomnia"	"CNCR_Insomnia_all"	"Jones_et_al_2016_Chronotype"	"Jones_et_al_2016_SleepDuration"
"Adipose_Subcutaneous"	2	0	5	9	2	31	3	8	12	35	19	18	7	7	8	6	7	4	8	5	7	9	4	1	4	2	4	0	1	0	3	4	0	0	0	0	0	15	0	1	4	1	1	1	18	0	3	7	0	2	5	4	3	0	0	1	0	1	1	3	3	0	0	1	2	1	2	0	0	0
"Artery_Tibial"	1	0	2	3	10	3	4	7	4	6	6	7	4	10	5	10	7	2	6	5	6	9	0	1	0	0	0	1	0	0	4	2	0	0	0	0	0	3	0	2	6	0	1	0	1	1	5	1	0	1	1	0	2	0	0	1	1	0	0	2	0	0	0	1	2	3	1	1	1	0
"Brain_Cerebellum"	0	0	4	4	3	10	1	17	2	6	6	5	4	3	7	2	3	7	7	2	6	6	0	1	0	0	1	0	0	0	3	0	2	0	0	0	0	18	0	1	1	0	1	0	1	0	2	2	0	3	1	0	1	0	0	3	0	0	1	3	2	0	0	1	0	1	1	0	0	0
"Brain_Cortex"	0	0	2	3	3	5	1	10	5	3	7	1	1	1	5	2	7	7	4	2	3	6	1	0	1	0	7	0	0	1	1	0	0	0	0	0	0	0	0	2	2	0	0	0	0	0	3	2	1	0	1	1	1	0	0	1	0	0	1	2	2	0	0	0	0	2	2	0	0	0
"Brain_Nucleus_accumbens_basal_ganglia"	0	0	1	1	2	3	0	6	1	2	3	1	0	3	3	0	3	1	3	1	2	1	1	0	1	0	0	0	0	0	4	0	0	0	0	0	0	1	1	3	0	1	0	1	0	0	0	0	1	1	0	0	1	0	0	1	0	0	1	1	0	0	0	0	0	0	1	0	0	0
"Cells_Cultured_fibroblasts"	0	0	4	7	5	18	1	8	3	6	3	9	6	6	7	4	6	5	8	4	7	8	3	0	3	1	13	0	1	0	4	0	0	0	0	0	1	4	0	7	1	1	0	1	0	0	2	1	1	1	0	1	0	0	0	2	0	0	0	4	0	1	0	0	1	0	1	0	2	0
"Cells_EBV.transformed_lymphocytes"	0	0	3	6	6	7	2	8	2	3	4	3	2	5	3	2	2	22	4	1	4	3	2	0	2	0	0	0	0	0	3	1	0	0	0	0	1	4	0	2	0	1	0	1	1	0	0	1	1	1	0	0	1	0	1	0	0	0	2	3	4	0	0	0	1	0	0	0	0	0
"Colon_Transverse"	0	0	1	0	1	4	0	5	2	2	0	0	0	2	2	1	0	0	3	2	2	2	0	0	0	0	0	0	0	0	0	0	0	0	0	0	0	0	0	1	1	0	0	0	1	0	1	0	1	1	0	1	0	0	0	0	0	0	1	2	0	0	0	0	0	0	0	0	0	0
"Esophagus_Mucosa"	0	0	6	3	2	2	0	4	5	4	10	1	4	4	5	5	7	12	5	4	5	4	1	0	1	1	1	0	1	1	0	0	0	0	0	0	2	3	0	3	5	0	0	1	0	0	4	1	2	3	0	3	2	1	0	0	0	0	3	3	0	0	0	0	0	0	2	0	0	0
"Liver"	1	1	2	2	1	3	0	0	2	0	4	3	1	0	2	1	1	2	2	3	0	2	1	0	1	0	0	1	0	0	3	1	0	0	0	0	0	1	0	0	2	1	0	0	0	0	2	0	4	2	2	0	1	0	0	1	0	0	1	2	0	1	0	0	0	0	0	0	4	0
"Lung"	0	0	3	5	8	8	0	8	2	3	9	0	1	4	2	2	6	20	3	5	3	6	0	1	2	0	2	0	0	0	9	1	0	1	1	0	0	2	0	2	3	5	1	1	0	0	3	3	1	1	5	2	1	0	0	1	0	0	4	3	1	0	0	0	2	1	3	0	0	1
"Muscle_Skeletal"	0	0	7	2	4	15	3	46	17	3	8	2	3	2	3	1	6	3	3	8	3	3	1	0	2	0	2	0	0	1	4	0	0	0	0	0	1	1	1	1	4	0	0	1	1	0	6	0	1	1	1	0	6	0	0	0	0	0	2	9	1	2	0	0	1	1	1	0	1	0
"Nerve_Tibial"	1	0	6	2	5	4	3	5	5	8	4	8	3	5	9	6	9	1	9	7	6	3	1	1	1	0	1	0	0	0	4	1	0	0	0	0	0	4	1	5	4	0	3	0	0	0	5	7	1	0	4	1	1	0	0	4	0	1	1	4	3	0	0	0	2	5	3	0	0	0
"Pituitary"	0	0	2	1	2	5	1	4	4	2	8	5	2	2	4	3	4	3	5	4	4	5	0	0	1	0	1	0	0	0	3	0	1	0	0	0	0	0	0	0	1	1	0	0	0	0	1	2	1	0	0	1	2	0	0	1	0	0	1	2	0	0	0	1	0	0	0	0	0	0
"Skin_Sun_Exposed_Lower_leg"	1	0	16	2	5	4	2	0	3	9	8	7	10	9	6	3	5	23	6	8	9	4	1	0	2	0	3	1	0	0	3	2	0	0	0	0	0	2	0	2	0	0	0	0	1	0	1	0	0	0	1	0	3	0	2	3	0	0	2	3	3	0	0	0	5	1	2	0	0	1
"Spleen"	0	0	1	4	0	6	1	14	4	1	4	3	7	3	1	2	3	5	1	2	2	3	1	0	1	1	0	0	1	0	1	2	0	0	0	0	0	3	0	2	3	0	0	0	0	0	3	1	1	0	0	1	1	0	1	0	1	0	2	4	15	0	0	0	1	1	1	0	1	0
"Thyroid"	0	0	2	6	7	14	1	5	5	4	3	6	2	5	4	2	3	0	5	5	4	4	1	0	1	0	2	0	0	0	6	1	0	0	0	1	2	11	0	5	5	1	0	0	0	0	3	2	2	1	0	2	4	0	0	1	0	0	5	0	4	0	1	0	5	0	6	0	0	3
"Whole_Blood"	0	0	1	4	5	4	2	8	6	10	9	3	7	9	13	1	3	10	11	10	10	9	0	1	0	0	1	0	0	0	7	0	0	0	0	0	1	1	0	2	1	1	1	0	1	2	1	0	3	2	2	1	7	0	1	3	0	0	3	1	0	0	0	0	1	0	1	0	0	0
